 {
	"powers": [
		"ultra:rapid",
		"ultra:wallhop",
		"ultra:slide",
		"ultra:dash",
		"ultra:groundslam",
		"ultra:gunman",
		"ultra:whiplash",
		"ultra:parry",
		"ultra:packapunch",
		"ultra:coin",
		"ultra:clock",
		"ultra:speedfreak",
		"ultra:wingedpocket",
		"ultra:bloodthirsty",
		"ultra:heart",
		"ultra:noriptide",
		"ultra:mechanical",
		"ultra:definc",
		"ultra:fire",
		"ultra:nofall",
		"ultra:fast",
		"ultra:jump",
		"ultra:climbfaster",
		"ultra:nopearls",
		"ultra:noelytra",
		"ultra:noeffects",
		"ultra:nosleep",
		"ultra:nokb",
		"ultra:whiplash2",
		"ultra:nostill",
		"ultra:tag",
		"ultra:stamina",
		"ultra:regain",
		"ultra:empoweredshot",
		"ultra:nailgun",
		"ultra:harddamage",
		"ultra:credits"
	],
	"icon": "minecraft:crossbow",
	"order": 99,
	"impact": 3,
	"name": "V1 (ULTRAKILL)",
	"description": "§4§lMANKIND IS DEAD       BLOOD IS FUEL       HELL IS FULL"
}