{
    "name": "§2§nCoin Toss",
    "description": "Right click with a golden nugget to throw it in the air. Shoot it in the air to deal damage to all nearby entities. Different arrows have different effects. Enemies can use a shield to block coins.",
    "type": "origins:multiple",
    "cointhrow": {
        "type": "origins:active_self",
        "key": "key.use",
        "entity_action": {
            "type": "origins:and",
            "actions": [
                {
                    "type": "origins:equipped_item_action",
                    "equipment_slot": "mainhand",
                    "action": {
                        "type": "origins:consume",
                        "amount": 1
                    }
                },
                {
                    "type": "origins:spawn_entity",
                    "entity_type": "minecraft:item",
                    "tag": "{Item:{id:'minecraft:gold_nugget',Count:1},PickupDelay:32767,Age:-32768,Glowing:1}"
                },
                {
                  "type": "origins:swing_hand",
                  "hand": "MAIN_HAND"
                },
                {
                    "type": "origins:execute_command",
                    "command": "tag @e[type=item,distance=..2,sort=nearest,limit=1,nbt={Item:{id:'minecraft:gold_nugget',Count:1b},PickupDelay:32767s,Age:-32768s}] add coin",
                    "permission_level": 4
                },
                {
                    "type": "origins:spawn_entity",
                    "entity_type": "minecraft:bat",
                    "tag": "{Silent:1,NoAI:1,Invulnerable:1,ActiveEffects:[{Id:14,Duration:1000000,ShowParticles:0b}]}"
                },
                {
                    "type": "origins:execute_command",
                    "command": "tag @e[type=bat,distance=..2,sort=nearest,limit=1,nbt={Silent:1b,NoAI:1b}] add cointeleport",
                    "permission_level": 4
                },
                {
                    "type": "origins:area_of_effect",
                    "radius": 1,
                    "bientity_condition": {
                      "type": "origins:target_condition",
                      "condition": {
                        "type": "origins:and",
                        "conditions": [
                          {
                            "type": "origins:living",
                            "inverted": true
                          },
                          {
                            "type": "origins:nbt",
                            "nbt": "{Tags:['coin']}"
                          }
                        ]
                      }
                    },
                    "bientity_action": {
                        "type": "origins:target_action",
                        "action": {
                            "type": "origins:and",
                            "actions": [
                              {
                                "type": "origins:add_velocity",
                                "z": 0.2,
                                "y": 0.6,
                                "x": 0,
                                "space": "local_horizontal_normalized"
                              },
                              {
                                "type": "origins:play_sound",
                                "sound": "minecraft:block.amethyst_block.step",
                                "volume": 1.5,
                                "pitch": 2
                              },
                              {
                                "type": "origins:play_sound",
                                "sound": "minecraft:block.note_block.chime",
                                "volume": 1.5,
                                "pitch": 2
                              },
                              {
                                "type": "origins:play_sound",
                                "sound": "minecraft:item.trident.throw",
                                "volume": 0.5,
                                "pitch": 2
                              },
                              {
                                "type": "origins:area_of_effect",
                                "radius": 5,
                                "bientity_condition": {
                                  "type": "origins:target_condition",
                                  "condition": {
                                    "type": "origins:entity_type",
                                    "entity_type": "minecraft:player"
                                  }
                                },
                                "bientity_action": {
                                  "type": "origins:target_action",
                                  "action": {
                                    "type": "origins:delay",
                                    "ticks": 1,
                                    "action": {
                                      "type": "origins:change_resource",
                                      "resource": "*:*_air",
                                      "change": 0
                                    }
                                  }
                                }
                              },
                              {
                                "type": "origins:delay",
                                "ticks": 30,
                                "action": {
                                    "type": "origins:execute_command",
                                    "command": "kill @s",
                                    "permission_level": 4 
                                }
                              }
                            ]
                        }
                    }
                },
                {
                    "type": "origins:area_of_effect",
                    "radius": 1,
                    "bientity_condition": {
                      "type": "origins:target_condition",
                      "condition": {
                        "type": "origins:and",
                        "conditions": [
                          {
                            "type": "origins:living"
                          },
                          {
                            "type": "origins:nbt",
                            "nbt": "{Tags:['cointeleport']}"
                          }
                        ]
                      }
                    },
                    "bientity_action": {
                        "type": "origins:target_action",
                        "action": {
                            "type": "origins:and",
                            "actions": [
                              {
                                "type": "origins:area_of_effect",
                                "radius": 5,
                                "bientity_condition": {
                                  "type": "origins:target_condition",
                                  "condition": {
                                    "type": "origins:entity_type",
                                    "entity_type": "minecraft:player"
                                  }
                                },
                                "bientity_action": {
                                  "type": "origins:target_action",
                                  "action": {
                                    "type": "origins:delay",
                                    "ticks": 1,
                                    "action": {
                                      "type": "origins:change_resource",
                                      "resource": "*:*_air",
                                      "change": 0
                                    }
                                  }
                                }
                              },
                              {
                                "type": "origins:delay",
                                "ticks": 30,
                                "action": {
                                    "type": "origins:and",
                                    "actions": [
                                      {
                                        "type": "origins:execute_command",
                                        "command": "tp ~ ~-100 ~",
                                        "permission_level": 4 
                                      },
                                      {
                                        "type": "origins:execute_command",
                                        "command": "kill @s",
                                        "permission_level": 4 
                                      }
                                    ]
                                }
                              },
                              {
                                "type": "origins:delay",
                                "ticks": 6,
                                "action": {
                                    "type": "origins:execute_command",
                                    "command": "data merge entity @s {Invulnerable:0}",
                                    "permission_level": 4 
                                }
                              }
                            ]
                        }
                    }
                }
            ]
        },
        "condition": {
            "type": "origins:equipped_item",
            "equipment_slot": "mainhand",
            "item_condition": {
                "type": "origins:ingredient",
                "ingredient": {
                    "item": "minecraft:gold_nugget"
                }
            }
        },
        "cooldown": 10,
        "hud_render": {
            "should_render": false
        }
    },
    "cointeleport": {
        "type": "origins:action_over_time",
        "interval": 1,
        "entity_action": {
            "type": "origins:execute_command",
            "command": "function ultra:cointick",
            "permission_level": 4
        }
    },
    "coinhit": {
      "type": "origins:action_on_hit",
      "bientity_action": {
        "type": "origins:target_action",
        "action": {
          "type": "origins:and",
          "actions": [
            {
              "type": "origins:execute_command",
              "command": "kill @e[type=item,distance=..2,sort=nearest,limit=1,nbt={Item:{id:'minecraft:gold_nugget',Count:1b},PickupDelay:32767s,Age:-32768s}]",
              "permission_level": 4 
            },
            {
              "type": "origins:play_sound",
              "sound": "minecraft:item.trident.riptide_1",
              "volume": 1,
              "pitch": 2
            },
            {
              "type": "origins:play_sound",
              "sound": "minecraft:block.note_block.chime",
              "volume": 2,
              "pitch": 2
            },
            {
              "type": "origins:play_sound",
              "sound": "minecraft:block.amethyst_block.break",
              "volume": 1.5,
              "pitch": 2
            },
            {
              "type": "origins:delay",
              "ticks": 2,
              "action": {
                "type": "origins:execute_command",
                "command": "tp ~ ~-100 ~",
                "permission_level": 4 
              }
            },
            {
              "type": "origins:execute_command",
              "command": "/particle minecraft:electric_spark ~ ~ ~ 0.1 0.1 0.1 0.04 45 normal",
              "permission_level": 4 
            }
          ]
        }
      },
      "bientity_condition": {
        "type": "origins:target_condition",
        "condition": {
          "type": "origins:and",
          "conditions": [
            {
              "type": "origins:entity_type",
              "entity_type": "minecraft:bat"
            },
            {
              "type": "origins:nbt",
              "nbt": "{Tags: ['cointeleport']}"
            }
          ]
        }
      }
    },
    "arrow": {
      "type": "origins:action_on_hit",
      "damage_condition": {
        "type": "origins:projectile",
        "projectile_condition": {
          "type": "origins:and",
          "conditions": [
            {
              "type": "origins:entity_type",
              "entity_type": "minecraft:arrow"
            }
          ]
        }
    },
      "bientity_action": {
        "type": "origins:target_action",
        "action": {
          "type": "origins:and",
          "actions": [
            {
              "type": "origins:area_of_effect",
              "radius": 6.5,
              "bientity_action": {
                  "type": "origins:target_action",
                  "action": {
                    "type": "origins:and",
                    "actions": [
                      {
                        "type": "origins:damage",
                        "amount": 14,
                        "damage_type": "minecraft:cactus"
                      },
                      {
                        "type": "origins:play_sound",
                        "sound": "minecraft:entity.arrow.hit",
                        "volume": 2
                      }
                    ]
                  }
              },
              "bientity_condition": {
                  "type": "origins:target_condition",
                  "condition": {
                    "type": "origins:and",
                    "conditions": [
                      {
                        "type": "origins:living"
                      },
                      {
                        "type": "origins:nbt",
                        "nbt": "{Tags: ['v1']}",
                        "inverted": true
                      },
                      {
                        "type": "origins:using_item",
                        "inverted": true,
                        "equipment_slot": "mainhand",
                        "item_condition": {
                          "type": "origins:ingredient",
                          "ingredient": {
                              "item": "minecraft:shield"
                          }
                        }
                      }
                    ]
                  }
              }
            }
          ]
        }
      },
      "bientity_condition": {
        "type": "origins:target_condition",
        "condition": {
          "type": "origins:and",
          "conditions": [
            {
              "type": "origins:entity_type",
              "entity_type": "minecraft:bat"
            },
            {
              "type": "origins:nbt",
              "nbt": "{Tags: ['cointeleport']}"
            }
          ]
        }
      }
    },
    "flamearrow": {
      "type": "origins:action_on_hit",
      "damage_condition": {
        "type": "origins:projectile",
        "projectile_condition": {
          "type": "origins:and",
          "conditions": [
            {
              "type": "origins:entity_type",
              "entity_type": "minecraft:arrow"
            },
            {
              "type": "origins:on_fire"
            }
          ]
        }
    },
      "bientity_action": {
        "type": "origins:target_action",
        "action": {
          "type": "origins:and",
          "actions": [
            {
              "type": "origins:area_of_effect",
              "radius": 6.5,
              "bientity_action": {
                  "type": "origins:target_action",
                  "action": {
                    "type": "origins:and",
                    "actions": [
                      {
                        "type": "origins:set_on_fire",
                        "duration": 5
                      }
                    ]
                  }
              },
              "bientity_condition": {
                  "type": "origins:target_condition",
                  "condition": {
                    "type": "origins:and",
                    "conditions": [
                      {
                        "type": "origins:living"
                      },
                      {
                        "type": "origins:nbt",
                        "nbt": "{Tags: ['v1']}",
                        "inverted": true
                      },
                      {
                        "type": "origins:using_item",
                        "inverted": true,
                        "equipment_slot": "mainhand",
                        "item_condition": {
                          "type": "origins:ingredient",
                          "ingredient": {
                              "item": "minecraft:shield"
                          }
                        }
                      }
                    ]
                  }
              }
            }
          ]
        }
      },
      "bientity_condition": {
        "type": "origins:target_condition",
        "condition": {
          "type": "origins:and",
          "conditions": [
            {
              "type": "origins:entity_type",
              "entity_type": "minecraft:bat"
            },
            {
              "type": "origins:nbt",
              "nbt": "{Tags: ['cointeleport']}"
            }
          ]
        }
      }
    },
    "spectralarrow": {
      "type": "origins:action_on_hit",
      "bientity_action": {
        "type": "origins:target_action",
        "action": {
          "type": "origins:and",
          "actions": [
            {
              "type": "origins:area_of_effect",
              "radius": 6.5,
              "bientity_action": {
                  "type": "origins:target_action",
                  "action": {
                    "type": "origins:and",
                    "actions": [
                      {
                        "type": "origins:apply_effect",
                        "effect": {
                            "effect": "minecraft:glowing",
                            "duration": 100,
                            "amplifier": 0
                        }
                      },
                      {
                        "type": "origins:execute_command",
                        "command": "tag @s add marked",
                        "permission_level": 4 
                      },
                      {
                        "type": "origins:play_sound",
                        "sound": "minecraft:block.enchantment_table.use",
                        "volume": 2,
                        "pitch": 1.5                        
                      },
                      {
                        "type": "origins:delay",
                        "ticks": 100,
                        "action": {
                          "type": "origins:execute_command",
                          "command": "tag @s remove marked",
                          "permission_level": 4 
                        }
                      }
                    ]
                  }
              },
              "bientity_condition": {
                  "type": "origins:target_condition",
                  "condition": {
                    "type": "origins:and",
                    "conditions": [
                      {
                        "type": "origins:living"
                      },
                      {
                        "type": "origins:nbt",
                        "nbt": "{Tags: ['v1']}",
                        "inverted": true
                      },
                      {
                        "type": "origins:using_item",
                        "inverted": true,
                        "equipment_slot": "mainhand",
                        "item_condition": {
                          "type": "origins:ingredient",
                          "ingredient": {
                              "item": "minecraft:shield"
                          }
                        }
                      }
                    ]
                  }
              }
            }
          ]
        }
      },
      "damage_condition": {
        "type": "origins:projectile",
        "projectile": "minecraft:spectral_arrow"
      },
      "bientity_condition": {
        "type": "origins:target_condition",
        "condition": {
          "type": "origins:and",
          "conditions": [
            {
              "type": "origins:entity_type",
              "entity_type": "minecraft:bat"
            },
            {
              "type": "origins:nbt",
              "nbt": "{Tags: ['cointeleport']}"
            }
          ]
        }
      }
    },
    "harmingarrow": {
      "type": "origins:action_on_hit",
      "damage_condition": {
        "type": "origins:projectile",
        "projectile_condition": {
          "type": "origins:and",
          "conditions": [
            {
              "type": "origins:entity_type",
              "entity_type": "minecraft:arrow"
            },
            {
              "type": "origins:or",
              "conditions": [
                {
                  "type": "origins:nbt",
                  "nbt": "{Potion:'minecraft:strong_harming'}"
                }
              ]
            }
          ]
        }
    },
      "bientity_action": {
        "type": "origins:target_action",
        "action": {
          "type": "origins:and",
          "actions": [
            {
              "type": "origins:area_of_effect",
              "radius": 5.5,
              "bientity_action": {
                  "type": "origins:target_action",
                  "action": {
                    "type": "origins:and",
                    "actions": [
                      {
                        "type": "origins:damage",
                        "amount": 10,
                        "damage_type": "minecraft:cactus"
                      }
                    ]
                  }
              },
              "bientity_condition": {
                  "type": "origins:target_condition",
                  "condition": {
                    "type": "origins:and",
                    "conditions": [
                      {
                        "type": "origins:living"
                      },
                      {
                        "type": "origins:nbt",
                        "nbt": "{Tags: ['v1']}",
                        "inverted": true
                      },
                      {
                        "type": "origins:using_item",
                        "inverted": true,
                        "equipment_slot": "mainhand",
                        "item_condition": {
                          "type": "origins:ingredient",
                          "ingredient": {
                              "item": "minecraft:shield"
                          }
                        }
                      }
                    ]
                  }
              }
            }
          ]
        }
      },
      "bientity_condition": {
        "type": "origins:target_condition",
        "condition": {
          "type": "origins:and",
          "conditions": [
            {
              "type": "origins:entity_type",
              "entity_type": "minecraft:bat"
            },
            {
              "type": "origins:nbt",
              "nbt": "{Tags: ['cointeleport']}"
            }
          ]
        }
      }
    },
    "harming1arrow": {
      "type": "origins:action_on_hit",
      "damage_condition": {
        "type": "origins:projectile",
        "projectile_condition": {
          "type": "origins:and",
          "conditions": [
            {
              "type": "origins:entity_type",
              "entity_type": "minecraft:arrow"
            },
            {
              "type": "origins:nbt",
              "nbt": "{Potion:'minecraft:harming'}"
            }
          ]
        }
    },
      "bientity_action": {
        "type": "origins:target_action",
        "action": {
          "type": "origins:and",
          "actions": [
            {
              "type": "origins:area_of_effect",
              "radius": 5.5,
              "bientity_action": {
                  "type": "origins:target_action",
                  "action": {
                    "type": "origins:and",
                    "actions": [
                      {
                        "type": "origins:damage",
                        "amount": 6,
                        "damage_type": "minecraft:cactus"
                      }
                    ]
                  }
              },
              "bientity_condition": {
                  "type": "origins:target_condition",
                  "condition": {
                    "type": "origins:and",
                    "conditions": [
                      {
                        "type": "origins:living"
                      },
                      {
                        "type": "origins:nbt",
                        "nbt": "{Tags: ['v1']}",
                        "inverted": true
                      },
                      {
                        "type": "origins:using_item",
                        "inverted": true,
                        "equipment_slot": "mainhand",
                        "item_condition": {
                          "type": "origins:ingredient",
                          "ingredient": {
                              "item": "minecraft:shield"
                          }
                        }
                      }
                    ]
                  }
              }
            }
          ]
        }
      },
      "bientity_condition": {
        "type": "origins:target_condition",
        "condition": {
          "type": "origins:and",
          "conditions": [
            {
              "type": "origins:entity_type",
              "entity_type": "minecraft:bat"
            },
            {
              "type": "origins:nbt",
              "nbt": "{Tags: ['cointeleport']}"
            }
          ]
        }
      }
    },
    "marked": {
      "type": "origins:action_on_hit",
      "bientity_action": {
        "type": "origins:damage",
        "amount": 6,
        "damage_type": "minecraft:cactus"
      },
      "bientity_condition": {
        "type": "origins:target_condition",
        "condition": {
          "type": "origins:nbt",
          "nbt": "{Tags: ['marked']}"
        }
      }
    },
    "slownessarrow": {
      "type": "origins:action_on_hit",
      "damage_condition": {
        "type": "origins:projectile",
        "projectile_condition": {
          "type": "origins:and",
          "conditions": [
            {
              "type": "origins:entity_type",
              "entity_type": "minecraft:arrow"
            },
            {
              "type": "origins:or",
              "conditions": [
                {
                  "type": "origins:nbt",
                  "nbt": "{Potion:'minecraft:slowness'}"
                },
                {
                  "type": "origins:nbt",
                  "nbt": "{Potion:'minecraft:long_slowness'}"
                },
                {
                  "type": "origins:nbt",
                  "nbt": "{Potion:'minecraft:strong_slowness'}"
                }
              ]
            }
          ]
        }
    },
      "bientity_action": {
        "type": "origins:target_action",
        "action": {
          "type": "origins:and",
          "actions": [
            {
              "type": "origins:area_of_effect",
              "radius": 6.5,
              "bientity_action": {
                  "type": "origins:target_action",
                  "action": {
                    "type": "origins:and",
                    "actions": [
                      {
                        "type": "origins:apply_effect",
                        "effect": {
                            "effect": "minecraft:slowness",
                            "duration": 200,
                            "amplifier": 1
                        }
                      }
                    ]
                  }
              },
              "bientity_condition": {
                  "type": "origins:target_condition",
                  "condition": {
                    "type": "origins:and",
                    "conditions": [
                      {
                        "type": "origins:living"
                      },
                      {
                        "type": "origins:nbt",
                        "nbt": "{Tags: ['v1']}",
                        "inverted": true
                      },
                      {
                        "type": "origins:using_item",
                        "inverted": true,
                        "equipment_slot": "mainhand",
                        "item_condition": {
                          "type": "origins:ingredient",
                          "ingredient": {
                              "item": "minecraft:shield"
                          }
                        }
                      }
                    ]
                  }
              }
            }
          ]
        }
      },
      "bientity_condition": {
        "type": "origins:target_condition",
        "condition": {
          "type": "origins:and",
          "conditions": [
            {
              "type": "origins:entity_type",
              "entity_type": "minecraft:bat"
            },
            {
              "type": "origins:nbt",
              "nbt": "{Tags: ['cointeleport']}"
            }
          ]
        }
      }
    },
    "poisonarrow": {
      "type": "origins:action_on_hit",
      "damage_condition": {
        "type": "origins:projectile",
        "projectile_condition": {
          "type": "origins:and",
          "conditions": [
            {
              "type": "origins:entity_type",
              "entity_type": "minecraft:arrow"
            },
            {
              "type": "origins:or",
              "conditions": [
                {
                  "type": "origins:nbt",
                  "nbt": "{Potion:'minecraft:poison'}"
                },
                {
                  "type": "origins:nbt",
                  "nbt": "{Potion:'minecraft:long_poison'}"
                },
                {
                  "type": "origins:nbt",
                  "nbt": "{Potion:'minecraft:strong_poison'}"
                }
              ]
            }
          ]
        }
    },
      "bientity_action": {
        "type": "origins:target_action",
        "action": {
          "type": "origins:and",
          "actions": [
            {
              "type": "origins:area_of_effect",
              "radius": 6.5,
              "bientity_action": {
                  "type": "origins:target_action",
                  "action": {
                    "type": "origins:and",
                    "actions": [
                      {
                        "type": "origins:apply_effect",
                        "effect": {
                            "effect": "minecraft:poison",
                            "duration": 200,
                            "amplifier": 1
                        }
                      }
                    ]
                  }
              },
              "bientity_condition": {
                  "type": "origins:target_condition",
                  "condition": {
                    "type": "origins:and",
                    "conditions": [
                      {
                        "type": "origins:living"
                      },
                      {
                        "type": "origins:nbt",
                        "nbt": "{Tags: ['v1']}",
                        "inverted": true
                      },
                      {
                        "type": "origins:using_item",
                        "inverted": true,
                        "equipment_slot": "mainhand",
                        "item_condition": {
                          "type": "origins:ingredient",
                          "ingredient": {
                              "item": "minecraft:shield"
                          }
                        }
                      }
                    ]
                  }
              }
            }
          ]
        }
      },
      "bientity_condition": {
        "type": "origins:target_condition",
        "condition": {
          "type": "origins:and",
          "conditions": [
            {
              "type": "origins:entity_type",
              "entity_type": "minecraft:bat"
            },
            {
              "type": "origins:nbt",
              "nbt": "{Tags: ['cointeleport']}"
            }
          ]
        }
      }
    },
    "healingarrow": {
      "type": "origins:action_on_hit",
      "damage_condition": {
        "type": "origins:projectile",
        "projectile_condition": {
          "type": "origins:and",
          "conditions": [
            {
              "type": "origins:entity_type",
              "entity_type": "minecraft:arrow"
            },
            {
              "type": "origins:or",
              "conditions": [
                {
                  "type": "origins:nbt",
                  "nbt": "{Potion:'minecraft:leaping'}"
                },
                {
                  "type": "origins:nbt",
                  "nbt": "{Potion:'minecraft:strong_leaping'}"
                },
                {
                  "type": "origins:nbt",
                  "nbt": "{Potion:'minecraft:long_leaping'}"
                }
              ]
            }
          ]
        }
    },
      "bientity_action": {
        "type": "origins:target_action",
        "action": {
          "type": "origins:and",
          "actions": [
            {
              "type": "origins:area_of_effect",
              "radius": 6.5,
              "bientity_action": {
                  "type": "origins:target_action",
                  "action": {
                    "type": "origins:and",
                    "actions": [
                      {
                        "type": "origins:add_velocity",
                        "y": 1
                      }
                    ]
                  }
              },
              "bientity_condition": {
                  "type": "origins:target_condition",
                  "condition": {
                    "type": "origins:and",
                    "conditions": [
                      {
                        "type": "origins:living"
                      },
                      {
                        "type": "origins:nbt",
                        "nbt": "{Tags: ['v1']}",
                        "inverted": true
                      },
                      {
                        "type": "origins:using_item",
                        "inverted": true,
                        "equipment_slot": "mainhand",
                        "item_condition": {
                          "type": "origins:ingredient",
                          "ingredient": {
                              "item": "minecraft:shield"
                          }
                        }
                      }
                    ]
                  }
              }
            }
          ]
        }
      },
      "bientity_condition": {
        "type": "origins:target_condition",
        "condition": {
          "type": "origins:and",
          "conditions": [
            {
              "type": "origins:entity_type",
              "entity_type": "minecraft:bat"
            },
            {
              "type": "origins:nbt",
              "nbt": "{Tags: ['cointeleport']}"
            }
          ]
        }
      }
    }
}