{
    "hidden": true,
    "type": "apoli:multiple",
    "condition": {
        "type": "origins:resource",
        "resource": "ultra:wingedpocket_empshot",
        "comparison": "==",
        "compare_to": 1
    },
    "hold_time": {
        "type": "apoli:resource",
        "min": 0,
        "max": 50,
        "hud_render": {
            "should_render": true,
            "sprite_location": "origins:textures/gui/community/huang/resource_bar_01.png",
            "bar_index": 19,
            "condition": {
                "type": "apoli:resource",
                "resource": "*:*_hold_time",
                "comparison": "!=",
                "compare_to": 0
            }
        }
    },
    "charging": {
        "type": "apoli:action_over_time",
        "interval": 1,
        "entity_action": {
            "type": "apoli:change_resource",
            "resource": "*:*_hold_time",
            "change": 1
        },
        "condition": {
            "type": "origins:and",
            "conditions": [
                {
                    "type": "apoli:using_item",
                    "item_condition": {
                        "type": "apoli:ingredient",
                        "ingredient": {
                            "item": "minecraft:bow"
                        }
                    }
                },
                {
                    "type": "origins:resource",
                    "resource": "ultra:wingedpocket_empshot",
                    "comparison": "==",
                    "compare_to": 1
                }
            ]
        }
    },
    "fully_charged": {
        "type": "apoli:action_over_time",
        "interval": 1,
        "rising_action": {
            "type": "apoli:play_sound",
            "sound": "minecraft:block.respawn_anchor.charge",
            "volume": 0.1,
            "pitch": 2
        },
        "condition": {
            "type": "apoli:resource",
            "resource": "*:*_hold_time",
            "comparison": "==",
            "compare_to": 50
        }
    },
    "release": {
        "type": "apoli:action_over_time",
        "interval": 1,
        "entity_action": {
            "type": "apoli:and",
            "actions": [
                {
                    "type": "apoli:if_else",
                    "condition": {
                        "type": "apoli:resource",
                        "resource": "*:*_hold_time",
                        "comparison": ">=",
                        "compare_to": 50
                    },
                    "if_action": {
                        "type": "apoli:area_of_effect",
                        "radius": 4,
                        "bientity_action": {
                            "type": "apoli:and",
                            "actions": [
                                {
                                    "type": "apoli:actor_action",
                                    "action": {
                                        "type": "apoli:and",
                                        "actions": [
                                            {
                                                "type": "apoli:execute_command",
                                                "command": "forceload add 0 0"
                                            },
                                            {
                                                "type": "apoli:execute_command",
                                                "command": "execute positioned 0.0 0 0.0 run summon minecraft:area_effect_cloud ^ ^ ^3.5 {Tags: [\"empowered_shot.direction\"]}"
                                            },
                                            {
                                                "type": "apoli:play_sound",
                                                "sound": "minecraft:block.respawn_anchor.deplete",
                                                "volume": 1,
                                                "pitch": 2
                                            }
                                        ]
                                    }
                                },
                                {
                                    "type": "apoli:target_action",
                                    "action": {
                                        "type": "apoli:and",
                                        "actions": [
                                            {
                                                "type": "apoli:execute_command",
                                                "command": "data modify entity @s Motion set from entity @e[tag = empowered_shot.direction, limit = 1] Pos"
                                            },
                                            {
                                                "type": "apoli:execute_command",
                                                "command": "data modify entity @s PierceLevel set value 3b"
                                            },
                                            {
                                                "type": "apoli:execute_command",
                                                "command": "execute store result entity @s Air short 1 run time query gametime"
                                            }
                                        ]
                                    }
                                }
                            ]
                        },
                        "bientity_condition": {
                            "type": "apoli:and",
                            "conditions": [
                                {
                                    "type": "apoli:actor_condition",
                                    "condition": {
                                        "type": "apoli:command",
                                        "command": "data modify storage empowered:shot temp.check set from entity @s UUID",
                                        "comparison": ">=",
                                        "compare_to": 0
                                    }
                                },
                                {
                                    "type": "apoli:target_condition",
                                    "condition": {
                                        "type": "apoli:and",
                                        "conditions": [
                                            {
                                                "type": "apoli:entity_type",
                                                "entity_type": "minecraft:arrow"
                                            },
                                            {
                                                "type": "apoli:nbt",
                                                "nbt": "{HasBeenShot: 0b}"
                                            },
                                            {
                                                "type": "apoli:command",
                                                "command": "data modify storage empowered:shot temp.check set from entity @s Owner",
                                                "comparison": "==",
                                                "compare_to": 0
                                            }
                                        ]
                                    }
                                }
                            ]
                        }
                    }
                },
                {
                    "type": "apoli:change_resource",
                    "resource": "*:*_hold_time",
                    "change": 0,
                    "operation": "set"
                },
                {
                    "type": "apoli:execute_command",
                    "command": "data remove storage empowered:shot temp"
                }
            ]
        },
        "condition": {
            "type": "apoli:and",
            "conditions": [
                {
                    "type": "apoli:resource",
                    "resource": "*:*_hold_time",
                    "comparison": ">",
                    "compare_to": 0
                },
                {
                    "type": "apoli:using_item",
                    "item_condition": {
                        "type": "apoli:ingredient",
                        "ingredient": {
                            "item": "minecraft:bow"
                        }
                    },
                    "inverted": true
                }
            ]
        }
    }
}