{
    "name": "§2§nGround Slam",
    "description": "You can ground pound by using primary ability key in mid-air, which deals damage to enemies below you. This drains hunger.",
    "type": "origins:multiple",
    "go_down": {
        "type": "origins:active_self",
        "entity_action": {
            "type": "origins:and",
            "actions": [
                {
                    "type": "origins:add_velocity",
                    "space": "world",
                    "y": -1
                },
                {
                    "type": "origins:change_resource",
                    "resource": "*:*_on_ground",
                    "change": -1
                },
                {
                    "type": "origins:feed",
                    "food": -4,
                    "saturation": -2
                }
            ]   
        },
        "hud_render": {
            "should_render": true,
            "sprite_location": "origins:textures/gui/community/spiderkolo/resource_bar_03.png",
            "bar_index": 17
        },
        "key": {
          "key": "key.origins.primary_active"
        },
        "cooldown": 100,
        "condition": {
            "type": "origins:and",
            "conditions": [
                {
                    "type": "origins:on_block",
                    "inverted": true
                },
                {
                    "type": "origins:food_level",
                    "comparison": ">=",
                    "compare_to": 1
                }
            ]
        }
    },
    "on_ground": {
        "type": "origins:resource",
        "min": 0,
        "max": 1,
        "start_value": 1,
        "hud_render": {
            "should_render": false
        },
        "max_action": {
            "type": "origins:and",
            "actions": [
                {
                    "type": "origins:spawn_particles",
                    "particle": {
                        "type": "minecraft:dust",
                        "params": "1 1 1 2"
                    },
                    "count": 16,
                    "speed": 0.0,
                    "force": false,
                    "spread": {
                        "x": 3.0,
                        "y": 0.0,
                        "z": 3.0
                    }
                },
                {
                    "type": "origins:area_of_effect",
                    "radius": 6,
                    "bientity_action": {
                        "type": "origins:and",
                        "actions": [
                            {
                                "type": "origins:target_action",
                                "action": {
                                    "type": "origins:damage",
                                    "amount": 5,
                                    "damage_type": "minecraft:cactus"
                                }
                            },
                            {
                                "type": "origins:add_velocity",
                                "y": 0.8,
                                "set": true,
                                "space": "world"
                            }
                        ]
                    }
                },
                {
                    "type": "origins:play_sound",
                    "sound": "minecraft:entity.generic.explode",
                    "volume": 1.5
                }
            ]
        }
    },
    "touching_ground": {
        "type": "origins:action_over_time",
        "interval": 1,
        "entity_action": {
            "type": "origins:change_resource",
            "resource": "*:*_on_ground",
            "change": 1
        },
        "condition": {
            "type": "origins:on_block"
        }
    }
}