{
    "name": "§e§nGunman",
    "description": "You are an expert with ranged weapons. All ranged weapons have their damage increased and all melee weapons have their damage decreased. You are also not slowed down from loading a bow/crossbow.",
    "type": "origins:multiple",
    "ranged": {
        "type": "origins:modify_projectile_damage",
        "damage_condition": {
            "type": "origins:projectile",
            "projectile_condition": {
                "type": "origins:and",
                "conditions": [
                  {
                    "type": "origins:entity_type",
                    "entity_type": "minecraft:arrow"
                  },
                  {
                    "type": "origins:nbt",
                    "nbt": "{Tags: ['nailgun']}",
                    "inverted": true
                  }
                ]
              }
        },
        "modifier": {
            "operation": "addition",
            "value": 3
        }
    },
    "nailgundamage": {
        "type": "origins:modify_projectile_damage",
        "damage_condition": {
            "type": "origins:projectile",
            "projectile_condition": {
                "type": "origins:and",
                "conditions": [
                  {
                    "type": "origins:entity_type",
                    "entity_type": "minecraft:arrow"
                  },
                  {
                    "type": "origins:nbt",
                    "nbt": "{Tags: ['nailgun']}"
                  }
                ]
              }
        },
        "modifier": {
            "operation": "addition",
            "value": 3
        }
    },
    "melee": {
        "type": "origins:modify_damage_dealt",
        "condition": {
            "type": "origins:or",
            "conditions": [
                {
                    "type": "origins:equipped_item",
                    "equipment_slot": "mainhand",
                    "item_condition": {
                        "type": "origins:ingredient",
                        "ingredient": {
                            "type": "origins:in_tag",
                            "tag": "minecraft:swords"
                        }
                    }
                },
                {
                    "type": "origins:equipped_item",
                    "equipment_slot": "mainhand",
                    "item_condition": {
                        "type": "origins:ingredient",
                        "ingredient": {
                            "type": "origins:in_tag",
                            "tag": "minecraft:axes"
                        }
                    }
                },
                {
                    "type": "origins:equipped_item",
                    "equipment_slot": "mainhand",
                    "item_condition": {
                        "type": "origins:ingredient",
                        "ingredient": {
                            "type": "origins:in_tag",
                            "tag": "minecraft:pickaxes"
                        }
                    }
                },
                {
                    "type": "origins:equipped_item",
                    "equipment_slot": "mainhand",
                    "item_condition": {
                        "type": "origins:ingredient",
                        "ingredient": {
                            "type": "origins:in_tag",
                            "tag": "minecraft:shovels"
                        }
                    }
                },
                {
                    "type": "origins:equipped_item",
                    "equipment_slot": "mainhand",
                    "item_condition": {
                        "type": "origins:ingredient",
                        "ingredient": {
                            "type": "origins:in_tag",
                            "tag": "minecraft:hoes"
                        }
                    }
                }
            ]
        },
        "modifier": {
            "name": "Less damage with melee weapons",
            "operation": "addition",
            "value": -4.5
        }
    },
    "fist": {
        "type": "origins:modify_damage_dealt",
        "condition": {
            "type": "origins:equipped_item",
            "equipment_slot": "mainhand",
            "item_condition": {
                "type": "origins:ingredient",
                "ingredient": {
                    "item": "minecraft:air"
                }
            }
        },
        "modifier": {
            "name": "more damage with fist",
            "operation": "addition",
            "value": 2
        }
    },
    "noslow": {
        "type": "origins:modify_attribute",
        "attribute": "minecraft:generic.movement_speed",
        "modifier": {
            "operation": "set_total",
            "value": 1
        },
        "condition": {
            "type": "origins:or",
            "conditions": [
                {
                    "type": "origins:using_item",
                    "item_condition": {
                        "type": "origins:ingredient",
                        "ingredient": {
                            "item": "minecraft:bow"
                        }
                    }
                },
                {
                    "type": "origins:using_item",
                    "item_condition": {
                        "type": "origins:ingredient",
                        "ingredient": {
                            "item": "minecraft:crossbow"
                        }
                    }
                }
            ]
        }
    }
}