{
    "name": "§4§nHard Damage",
    "description": "Your body is very frail to allow on-the-go consumption of blood through your body, and as such if you take too many hits this body becomes weaker. Taking 1 heart of damage drops your maximum health by a heart down to a lowest of 3 hearts, which can only be regenerated by the blood on kill of an entity.",
    "type": "origins:multiple",
    "amount": {
        "type": "origins:resource",
        "min": 6,
        "max": 14,
        "start_value": 14,
        "hud_render": {
            "should_render": false
        }
    },
    "harddamage": {
        "type": "origins:self_action_when_hit",
        "entity_action": {
            "type": "origins:and",
            "actions": [
                {
                    "type": "origins:change_resource",
                    "resource": "*:*_amount",
                    "change": -2
                }
            ]
        },
        "damage_condition": {
            "type": "origins:amount",
            "comparison": ">=",
            "compare_to": 2.0
        }
    },
    "set_health": {
        "type": "origins:modify_attribute",
        "attribute": "minecraft:generic.max_health",
        "modifier": {
            "operation": "set_base",
            "resource": "*:*_amount",
            "value": 0
        }
    },
    "test": {
        "type": "origins:self_action_when_hit",
        "respawn": {
            "type": "origins:action_on_callback",
            "entity_action_respawned": {
                "type": "origins:change_resource",
                "resource": "*:*_amount",
                "change": 14,
                "operation": "set"
            },
            "execute_chosen_when_orb": false
        }
    },
    "respawn": {
        "type": "origins:action_on_callback",
        "entity_action_respawned": {
            "type": "origins:change_resource",
            "resource": "*:*_amount",
            "change": 14,
            "operation": "set"
        },
        "execute_chosen_when_orb": false
    },
    "tag": {
        "type": "origins:action_on_callback",
        "entity_action_gained": {
            "type": "origins:execute_command",
            "command": "tag @s add v1",
            "permission_level": 4
        },
        "entity_action_lost": {
            "type": "origins:execute_command",
            "command": "tag @s remove v1",
            "permission_level": 4
        },
        "execute_chosen_when_orb": true
    },
    "healththing": {
        "type": "origins:action_on_callback",
        "entity_action_gained": {
            "type": "origins:modify_attribute",
            "attribute": "minecraft:generic.max_health",
            "modifier": {
                "operation": "set_base",
                "value": 14
            }
        },
        "execute_chosen_when_orb": true
    }
}