{
    "hidden": true,
    "type": "origins:multiple",
    "prevent": {
        "type": "origins:prevent_item_use",
        "item_condition": {
            "type": "origins:ingredient",
            "ingredient": {
                "item": "minecraft:crossbow"
            }
        },
        "condition": {
            "type": "origins:resource",
            "resource": "ultra:wingedpocket_nailgun",
            "comparison": "==",
            "compare_to": 1
        }
    },
    "shoot": {
        "type": "origins:active_self",
        "key": {
            "key": "key.use",
            "continuous": true
        },
        "entity_action": {
            "type": "origins:and",
            "actions": [
                {
                    "type": "origins:execute_command",
                    "command": "clear @s minecraft:arrow 1",
                    "permission_level": 4
                },
                {
                    "type": "origins:fire_projectile",
                    "entity_type": "minecraft:arrow"
                },
                {
                    "type": "origins:area_of_effect",
                    "radius": 2,
                    "bientity_action": {
                        "type": "origins:target_action",
                        "action": {
                            "type": "origins:execute_command",
                            "command": "tag @e[type=arrow,distance=..2,sort=nearest,limit=1,nbt={inGround:0b}] add nailgun",
                            "permission_level": 4
                        }
                    }
                },
                {
                    "type": "origins:change_resource",
                    "resource": "*:*_overheat",
                    "change": 2
                }
            ]
        },
        "condition": {
            "type": "origins:and",
            "conditions": [
                {
                    "type": "origins:equipped_item",
                    "equipment_slot": "mainhand",
                    "item_condition": {
                        "type": "origins:ingredient",
                        "ingredient": {
                            "item": "minecraft:crossbow"
                        }
                    }
                },
                {
                    "type": "origins:inventory",
                    "process_mode": "items",
                    "item_condition": {
                        "type": "origins:ingredient",
                        "ingredient": {
                            "item": "minecraft:arrow"
                        }
                    },
                    "comparison": ">=",
                    "compare_to": 1
                },
                {
                    "type": "origins:resource",
                    "resource": "*:*_overheat",
                    "comparison": "<",
                    "compare_to": 50
                },
                {
                    "type": "origins:resource",
                    "resource": "*:*_toomuch",
                    "comparison": "<",
                    "compare_to": 1
                },
                {
                    "type": "origins:resource",
                    "resource": "ultra:wingedpocket_nailgun",
                    "comparison": "==",
                    "compare_to": 1
                }
            ]
        },
        "cooldown": 2,
        "hud_render": {
            "should_render": false
        }
    },
    "overheat": {
        "type": "origins:resource",
        "min": 0,
        "max": 50,
        "hud_render": {
            "should_render": true,
            "sprite_location": "origins:textures/gui/community/huang/resource_bar_02.png",
            "bar_index": 15,
            "condition": {
                "type": "origins:and",
                "conditions": [
                    {
                        "type": "origins:equipped_item",
                        "equipment_slot": "mainhand",
                        "item_condition": {
                            "type": "origins:ingredient",
                            "ingredient": {
                                "item": "minecraft:crossbow"
                            }
                        }
                    },
                    {
                        "type": "origins:resource",
                        "resource": "ultra:wingedpocket_nailgun",
                        "comparison": "==",
                        "compare_to": 1
                    }
                ]
            }
        }
    },
    "cooloff": {
        "type": "origins:action_over_time",
        "entity_action": {
            "type": "origins:change_resource",
            "resource": "*:*_overheat",
            "change": -1.5
        },
        "interval": 5
    },
    "if": {
        "type": "origins:action_over_time",
        "entity_action": {
            "type": "origins:and",
            "actions": [
                {
                    "type": "origins:play_sound",
                    "sound": "minecraft:entity.generic.extinguish_fire",
                    "volume": 1.5
                },
                {
                    "type": "origins:change_resource",
                    "resource": "*:*_toomuch",
                    "change": 1,
                    "operation": "set"
                }
            ]
        },
        "interval": 1,
        "condition": {
            "type": "origins:resource",
            "resource": "*:*_overheat",
            "comparison": ">=",
            "compare_to": 49
        }
    },
    "toomuch": {
        "type": "origins:resource",
        "min": 0,
        "max": 1,
        "hud_render": {
            "should_render": false
        }
    },
    "goback": {
        "type": "origins:action_over_time",
        "entity_action": {
            "type": "origins:change_resource",
            "resource": "*:*_toomuch",
            "change": 0,
            "operation": "set"
        },
        "interval": 1,
        "condition": {
            "type": "origins:resource",
            "resource": "*:*_overheat",
            "comparison": "==",
            "compare_to": 0
        }
    }
}