{
    "type": "origins:multiple",
    "name": "§2§nParry",
    "description": "You can parry attacks/projectiles if timed correctly.",
    "can": {
      "type": "origins:resource",
      "min": 0,
      "max": 1,
      "start_value": 0,
      "hud_render": {
        "should_render": false
      }
    },
    "boostarrow": {
      "type": "origins:active_self",
      "cooldown": 25,
      "key": {
        "key": "key.attack"
      },
      "hud_render": {
        "should_render": true,
        "bar_index": 5
      },
      "entity_action": {
        "type": "origins:and",
        "actions": [
          {
            "type": "origins:change_resource",
            "resource": "*:*_can",
            "change": 1
          },
          {
            "type": "origins:swing_hand",
            "hand": "OFF_HAND"
          },
          {
            "type": "origins:delay",
            "ticks": 2,
            "action": {
              "type": "origins:change_resource",
              "resource": "*:*_can",
              "change": -1
            }
          },
          {
            "type": "origins:area_of_effect",
            "radius": 3.6,
            "bientity_condition": {
              "type": "origins:target_condition",
              "condition": {
                "type": "origins:and",
                "conditions": [
                  {
                    "type": "origins:living",
                    "inverted": true
                  },
                  {
                    "type": "origins:nbt",
                    "nbt": "{inGround:0b,Tags:['proj_parry']}"
                  }
                ]
              }
            },
            "bientity_action": {
                "type": "origins:target_action",
                "action": {
                    "type": "origins:and",
                    "actions": [
                      {
                        "type": "origins:add_velocity",
                        "z": 0.2,
                        "x": 0,
                        "space": "velocity"
                      },
                      {
                        "type": "origins:play_sound",
                        "sound": "minecraft:item.trident.riptide_1",
                        "volume": 1.0,
                        "pitch": 0.5
                      },
                      {
                        "type": "origins:play_sound",
                        "sound": "minecraft:entity.player.attack.crit",
                        "volume": 1,
                        "pitch": 1.5
                      },
                      {
                        "type": "origins:delay",
                        "ticks": 10,
                        "action": {
                          "type": "origins:and",
                          "actions": [
                            {
                              "type": "origins:explode",
                              "power": 1.5,
                              "destruction_type": "none",
                              "damage_self": false,
                              "create_fire": false
                            },
                            {
                              "type": "origins:play_sound",
                              "sound": "minecraft:entity.generic.explode",
                              "volume": 1.5
                            },
                            {
                              "type": "origins:execute_command",
                              "command": "particle minecraft:explosion ~ ~ ~ 0.3 0.4 0.3 0.04 2 normal"
                            }
                          ]
                        }
                      }
                    ]
                }
            }
          }
        ]
    }
    },
    "reflect": {
      "type": "origins:active_self",
      "cooldown": 25,
      "key": {
        "key": "key.attack"
      },
      "hud_render": {
        "should_render": false,
        "bar_index": 5
      },
      "entity_action": {
        "type": "origins:and",
        "actions": [
          {
            "type": "origins:change_resource",
            "resource": "*:*_can",
            "change": 1
          },
          {
            "type": "origins:swing_hand",
            "hand": "OFF_HAND"
          },
          {
            "type": "origins:delay",
            "ticks": 3,
            "action": {
              "type": "origins:change_resource",
              "resource": "*:*_can",
              "change": -1
            }
          },
          {
            "type": "origins:area_of_effect",
            "radius": 3,
            "bientity_condition": {
              "type": "origins:target_condition",
              "condition": {
                "type": "origins:and",
                "conditions": [
                  {
                    "type": "origins:living",
                    "inverted": true
                  },
                  {
                    "type": "origins:nbt",
                    "nbt": "{inGround:0b}"
                  },
                  {
                    "type": "origins:nbt",
                    "nbt": "{Tags:['proj_parry']}",
                    "inverted": true
                  }
                ]
              }
            },
            "bientity_action": {
                "type": "origins:target_action",
                "action": {
                    "type": "origins:and",
                    "actions": [
                      {
                        "type": "origins:add_velocity",
                        "z": -4,
                        "y": -0.5,
                        "x": 0,
                        "space": "velocity_horizontal_normalized",
                        "set": true
                      },
                      {
                        "type": "origins:delay",
                        "ticks": 10,
                        "action": {
                          "type": "origins:and",
                          "actions": [
                            {
                              "type": "origins:explode",
                              "power": 1.5,
                              "destruction_type": "none",
                              "damage_self": false,
                              "create_fire": false
                            },
                            {
                              "type": "origins:play_sound",
                              "sound": "minecraft:entity.generic.explode",
                              "volume": 1.5
                            },
                            {
                              "type": "origins:execute_command",
                              "command": "particle minecraft:explosion ~ ~ ~ 0.3 0.4 0.3 0.04 2 normal"
                            }
                          ]
                        }
                      },
                      {
                        "type": "origins:play_sound",
                        "sound": "minecraft:item.trident.riptide_1",
                        "volume": 1.0,
                        "pitch": 0.5
                      },
                      {
                        "type": "origins:play_sound",
                        "sound": "minecraft:entity.player.attack.crit",
                        "volume": 1,
                        "pitch": 1.5
                      }
                    ]
                }
            }
          }
        ]
    }
    },
    "damagetaken": {
      "type": "origins:modify_damage_taken",
      "modifier": {
        "name": "parrtytt",
        "operation": "multiply_total",
        "value": -5
      },
      "condition": {
        "type": "origins:resource",
        "resource": "*:*_can",
        "comparison": "==",
        "compare_to": 1
      },
      "self_action": {
        "type": "origins:and",
        "actions": [
          {
            "type": "origins:play_sound",
            "sound": "minecraft:item.trident.return",
            "volume": 1.0,
            "pitch": 2
          },
          {
            "type": "origins:play_sound",
            "sound": "minecraft:entity.player.attack.crit",
            "volume": 1,
            "pitch": 1.5
          }
        ]
    }
  }
}