{
    "name": "§2§nSlide",
    "description": "Slide by sprinting and sneaking at the same time. When you are sliding you are more vulnerable to attacks and lose hunger faster.",
    "type": "origins:multiple",
    "swim": {
        "type": "origins:swimming",
        "condition": {
            "type": "origins:and",
            "conditions": [
                {
                    "type": "origins:sneaking"
                },
                {
                    "type": "origins:on_block"
                },
                {
                    "type": "origins:in_block",
                    "inverted": true,
                    "block_condition": {
                        "type": "origins:block",
                        "block": "minecraft:water"
                    }
                },
                {
                    "inverted": true,
                    "type": "origins:block_collision",
                    "offset_x": 0.1,
                    "offset_z": 0.1
                },
                {
                    "inverted": true,
                    "type": "origins:block_collision",
                    "offset_x": -0.1,
                    "offset_z": -0.1
                }
            ]
        }
    },
    "speed": {
        "type": "origins:modify_swim_speed",
        "modifier": {
            "operation": "multiply_total",
            "value": 1.5
        }
    },
    "hunger": {
        "type": "origins:action_over_time",
        "entity_action": {
            "type": "origins:feed",
            "food": -2,
            "saturation": 0
        },
        "interval": 150,
        "condition": {
            "type": "origins:swimming"
        }
    },
    "damage": {
        "type": "origins:modify_damage_taken",
        "condition": {
            "type": "origins:swimming"
        },
        "modifier": {
            "name": "slide more damage oaoaodoofeofdsjfsjidfgiejubrf",
            "operation": "multiply_total",
            "value": 1.5
        }
    },
    "particle": {
        "type": "origins:action_over_time",
        "entity_action": {
            "type": "origins:and",
            "actions": [
                {
                    "type": "origins:execute_command",
                    "command": "/particle minecraft:crit ~ ~ ~ 0.2 0.3 0.2 0 1"
                },
                {
                    "type": "origins:execute_command",
                    "command": "/particle minecraft:electric_spark ~ ~ ~ 0.2 0.3 0.2 0 1"
                },
                {
                    "type": "origins:play_sound",
                    "sound": "minecraft:block.grindstone.use",
                    "volume": 0.2,
                    "pitch": 1
                }
            ]
        },
        "interval": 1,
        "condition": {
            "type": "origins:swimming"
        }
    }
}