{
  "name": "§2§nWhiplash",
  "description": "Secondary throws a grappling hook that can do multiple things. If thrown towards a small enemy, it will drag the enemy towards you. If thrown towards a large enemy, it will pull you towards it at the cost of 1 full shank.",

  "type": "origins:active_self",
  "entity_action": {
    "type": "origins:and",
    "actions": [
      {
        "type": "origins:raycast",
    "distance": 16,
    "block": true,
    "entity": true,
    "shape_type": "visual",
    "fluid_handling": "none",
    "bientity_condition": {
      "type": "origins:target_condition",
      "condition": {
          "type": "origins:or",
          "conditions": [
            {
              "type": "origins:entity_type",
              "entity_type": "minecraft:pig"
            },
            {
              "type": "origins:entity_type",
              "entity_type": "minecraft:villager"
            },
            {
              "type": "origins:entity_type",
              "entity_type": "minecraft:cow"
            },
            {
              "type": "origins:entity_type",
              "entity_type": "minecraft:chicken"
            },
            {
              "type": "origins:entity_type",
              "entity_type": "minecraft:cat"
            },
            {
              "type": "origins:entity_type",
              "entity_type": "minecraft:wolf"
            },
            {
              "type": "origins:entity_type",
              "entity_type": "minecraft:axolotl"
            },
            {
              "type": "origins:entity_type",
              "entity_type": "minecraft:allay"
            },
            {
              "type": "origins:entity_type",
              "entity_type": "minecraft:bat"
            },
            {
              "type": "origins:entity_type",
              "entity_type": "minecraft:blaze"
            },
            {
              "type": "origins:entity_type",
              "entity_type": "minecraft:cave_spider"
            },
            {
              "type": "origins:entity_type",
              "entity_type": "minecraft:spider"
            },
            {
              "type": "origins:entity_type",
              "entity_type": "minecraft:cod"
            },
            {
              "type": "origins:entity_type",
              "entity_type": "minecraft:creeper"
            },
            {
              "type": "origins:entity_type",
              "entity_type": "minecraft:drowned"
            },
            {
              "type": "origins:entity_type",
              "entity_type": "minecraft:endermite"
            },
            {
              "type": "origins:entity_type",
              "entity_type": "minecraft:evoker"
            },
            {
              "type": "origins:entity_type",
              "entity_type": "minecraft:fox"
            },
            {
              "type": "origins:entity_type",
              "entity_type": "minecraft:frog"
            },
            {
              "type": "origins:entity_type",
              "entity_type": "minecraft:glow_squid"
            },
            {
              "type": "origins:entity_type",
              "entity_type": "minecraft:squid"
            },
            {
              "type": "origins:entity_type",
              "entity_type": "minecraft:goat"
            },
            {
              "type": "origins:entity_type",
              "entity_type": "minecraft:husk"
            },
            {
              "type": "origins:entity_type",
              "entity_type": "minecraft:mooshroom"
            },
            {
              "type": "origins:entity_type",
              "entity_type": "minecraft:ocelot"
            },
            {
              "type": "origins:entity_type",
              "entity_type": "minecraft:parrot"
            },
            {
              "type": "origins:entity_type",
              "entity_type": "minecraft:phantom"
            },
            {
              "type": "origins:entity_type",
              "entity_type": "minecraft:piglin"
            },
            {
              "type": "origins:entity_type",
              "entity_type": "minecraft:piglin_brute"
            },
            {
              "type": "origins:entity_type",
              "entity_type": "minecraft:pillager"
            },
            {
              "type": "origins:entity_type",
              "entity_type": "minecraft:pufferfish"
            },
            {
              "type": "origins:entity_type",
              "entity_type": "minecraft:rabbit"
            },
            {
              "type": "origins:entity_type",
              "entity_type": "minecraft:salmon"
            },
            {
              "type": "origins:entity_type",
              "entity_type": "minecraft:sheep"
            },
            {
              "type": "origins:entity_type",
              "entity_type": "minecraft:silverfish"
            },
            {
              "type": "origins:entity_type",
              "entity_type": "minecraft:skeleton"
            },
            {
              "type": "origins:entity_type",
              "entity_type": "minecraft:snow_golem"
            },
            {
              "type": "origins:entity_type",
              "entity_type": "minecraft:stray"
            },
            {
              "type": "origins:entity_type",
              "entity_type": "minecraft:tadpole"
            },
            {
              "type": "origins:entity_type",
              "entity_type": "minecraft:tropical_fish"
            },
            {
              "type": "origins:entity_type",
              "entity_type": "minecraft:turtle"
            },
            {
              "type": "origins:entity_type",
              "entity_type": "minecraft:vex"
            },
            {
              "type": "origins:entity_type",
              "entity_type": "minecraft:vindicator"
            },
            {
              "type": "origins:entity_type",
              "entity_type": "minecraft:wandering_trader"
            },
            {
              "type": "origins:entity_type",
              "entity_type": "minecraft:witch"
            },
            {
              "type": "origins:entity_type",
              "entity_type": "minecraft:zombie"
            },
            {
              "type": "origins:entity_type",
              "entity_type": "minecraft:zombie_villager"
            },
            {
              "type": "origins:entity_type",
              "entity_type": "minecraft:zombified_piglin"
            }
          ]
      }
    },
    "bientity_action": {
        "type": "origins:add_velocity",
        "z": -2.5,
        "space": "local"
    },
    "command_at_hit": "particle minecraft:poof",
    "command_along_ray": "particle minecraft:smoke",
    "command_step": 1,
    "command_along_ray_only_on_hit": true
      }
    ]
  },
  "cooldown": 100,
  "hud_render": {
    "should_render": true,
    "sprite_location": "origins:textures/gui/community/huang/resource_bar_01.png",
    "bar_index": 3
  },
  "key": {
    "key": "key.origins.secondary_active",
    "continuous": false
  }
}