{
    "hidden": true,
    "type": "origins:active_self",
    "entity_action": {
      "type": "origins:and",
      "actions": [
        {
          "type": "origins:raycast",
      "distance": 16,
      "block": false,
      "entity": true,
      "shape_type": "visual",
      "fluid_handling": "none",
      "bientity_condition": {
        "type": "origins:target_condition",
        "condition": {
            "type": "origins:or",
            "conditions": [
              {
                "type": "origins:entity_type",
                "entity_type": "minecraft:ravager"
              },
              {
                "type": "origins:entity_type",
                "entity_type": "minecraft:zoglin"
              },
              {
                "type": "origins:entity_type",
                "entity_type": "minecraft:hoglin"
              },
              {
                "type": "origins:entity_type",
                "entity_type": "minecraft:horse"
              },
              {
                "type": "origins:entity_type",
                "entity_type": "minecraft:mule"
              },
              {
                "type": "origins:entity_type",
                "entity_type": "minecraft:llama"
              },
              {
                "type": "origins:entity_type",
                "entity_type": "minecraft:trader_llama"
              },
              {
                "type": "origins:entity_type",
                "entity_type": "minecraft:ghast"
              },
              {
                "type": "origins:entity_type",
                "entity_type": "minecraft:iron_golem"
              },
              {
                "type": "origins:entity_type",
                "entity_type": "minecraft:polar_bear"
              },
              {
                "type": "origins:entity_type",
                "entity_type": "minecraft:enderman"
              },
              {
                "type": "origins:entity_type",
                "entity_type": "minecraft:guardian"
              },
              {
                "type": "origins:entity_type",
                "entity_type": "minecraft:elder_guardian"
              },
              {
                "type": "origins:entity_type",
                "entity_type": "minecraft:sniffer"
              },
              {
                "type": "origins:entity_type",
                "entity_type": "minecraft:skeleton_horse"
              },
              {
                "type": "origins:entity_type",
                "entity_type": "minecraft:shulker"
              },
              {
                "type": "origins:entity_type",
                "entity_type": "minecraft:strider"
              },
              {
                "type": "origins:entity_type",
                "entity_type": "minecraft:warden"
              },
              {
                "type": "origins:entity_type",
                "entity_type": "minecraft:wither_skeleton"
              },
              {
                "type": "origins:entity_type",
                "entity_type": "minecraft:zombie_horse"
              },
              {
                "type": "origins:entity_type",
                "entity_type": "minecraft:wither"
              },
              {
                "type": "origins:entity_type",
                "entity_type": "minecraft:ender_dragon"
              },
              {
                "type": "origins:entity_type",
                "entity_type": "minecraft:donkey"
              },
              {
                "type": "origins:entity_type",
                "entity_type": "minecraft:player"
              }
            ]
        }
      },
      "hit_action": {
          "type": "origins:and",
          "actions": [
              {
                "type": "origins:add_velocity",
                "z": 2.5,
                "y": 0.5,
                "space": "local"
              },
              {
                "type": "origins:feed",
                "food": -2,
                "saturation": -2
              }
          ]
      },
      "before_action": {
        "type": "origins:execute_command",
        "command": "execute at @s run playsound minecraft:item.trident.throw master @a[distance=..4] ~ ~ ~ 1 1.4"
      },
      "command_at_hit": "particle minecraft:poof",
      "command_along_ray": "particle minecraft:smoke",
      "command_step": 1,
      "command_along_ray_only_on_hit": true
        }
      ]
    },
    "cooldown": 100,
    "hud_render": {
      "should_render": false,
      "sprite_location": "origins:textures/gui/community/spiderkolo/resource_bar_03.png",
      "bar_index": 16
    },
    "key": {
      "key": "key.origins.secondary_active",
      "continuous": false
    }
  }