{
    "type": "origins:multiple",
    "name": "§e§nWinged Pocket",
    "description": "You have wings on your back to carry and use upgrades to your robotic body. These wings take up the back, though, and as such you cannot use elytra.",
    "inventory": {
        "type": "origins:inventory",
        "container_type": "hopper",
        "title": "Winged Pocket",
        "drop_on_death": false,
        "key": {
            "key": "key.loadToolbarActivator"
        }
    },
    "check1": {
        "type": "origins:action_over_time",
        "entity_action": {
            "type": "origins:and",
            "actions": [
                {
                    "type": "origins:if_else",
                    "condition": {
                        "type": "origins:inventory",
                        "inventory_types": ["power"],
                        "process_mode": "items",
                        "power":"*:*_inventory",
                        "item_condition": {
                            "type": "origins:ingredient",
                            "ingredient": {
                                "item": "minecraft:nether_star"
                            }
                        }
                    },
                    "if_action": {
                        "type": "origins:change_resource",
                        "resource": "*:*_empshot",
                        "change": 1,
                        "operation": "set"
                    },
                    "else_action": {
                        "type": "origins:change_resource",
                        "resource": "*:*_empshot",
                        "change": 0,
                        "operation": "set"
                    }
                }
            ]
        },
        "interval": 20
    },
    "empshot": {
        "type": "origins:resource",
        "min": 0,
        "max": 1,
        "hud_render": {
            "should_render": false
        }
    },
    "check2": {
        "type": "origins:action_over_time",
        "entity_action": {
            "type": "origins:and",
            "actions": [
                {
                    "type": "origins:if_else",
                    "condition": {
                        "type": "origins:inventory",
                        "inventory_types": ["power"],
                        "process_mode": "items",
                        "power":"*:*_inventory",
                        "item_condition": {
                            "type": "origins:ingredient",
                            "ingredient": {
                                "item": "minecraft:recovery_compass"
                            }
                        }
                    },
                    "if_action": {
                        "type": "origins:change_resource",
                        "resource": "*:*_compass",
                        "change": 1,
                        "operation": "set"
                    },
                    "else_action": {
                        "type": "origins:change_resource",
                        "resource": "*:*_compass",
                        "change": 0,
                        "operation": "set"
                    }
                }
            ]
        },
        "interval": 20
    },
    "compass": {
        "type": "origins:resource",
        "min": 0,
        "max": 1,
        "hud_render": {
            "should_render": false
        }
    },
    "check3": {
        "type": "origins:action_over_time",
        "entity_action": {
            "type": "origins:and",
            "actions": [
                {
                    "type": "origins:area_of_effect",
                    "radius": 10,
                    "bientity_action": {
                        "type": "origins:target_action",
                        "action": {
                            "type": "origins:play_sound",
                            "sound": "minecraft:entity.warden.heartbeat",
                            "volume": 1,
                            "pitch": 1.5
                        }
                    },
                    "bientity_condition": {
                        "type": "origins:target_condition",
                        "condition": {
                          "type": "origins:and",
                          "conditions": [
                            {
                              "type": "origins:living"
                            },
                            {
                                "type": "origins:nbt",
                                "nbt": "{Tags: ['v1']}",
                                "inverted": true
                            }
                          ]
                        }
                    }
                }
            ]
        },
        "interval": 100,
        "condition": {
            "type": "origins:resource",
            "resource": "*:*_compass",
            "comparison": "==",
            "compare_to": 1
        }
    },
    "check4": {
        "type": "origins:action_over_time",
        "entity_action": {
            "type": "origins:and",
            "actions": [
                {
                    "type": "origins:if_else",
                    "condition": {
                        "type": "origins:inventory",
                        "inventory_types": ["power"],
                        "process_mode": "items",
                        "power":"*:*_inventory",
                        "item_condition": {
                            "type": "origins:ingredient",
                            "ingredient": {
                                "item": "minecraft:end_crystal"
                            }
                        }
                    },
                    "if_action": {
                        "type": "origins:change_resource",
                        "resource": "*:*_crystal",
                        "change": 1,
                        "operation": "set"
                    },
                    "else_action": {
                        "type": "origins:change_resource",
                        "resource": "*:*_crystal",
                        "change": 0,
                        "operation": "set"
                    }
                }
            ]
        },
        "interval": 20
    },
    "crystal": {
        "type": "origins:resource",
        "min": 0,
        "max": 1,
        "hud_render": {
            "should_render": false
        }
    },
    "check5": {
        "type": "origins:action_over_time",
        "entity_action": {
            "type": "origins:and",
            "actions": [
                {
                    "type": "origins:change_resource",
                    "resource": "ultra:stamina",
                    "change": 20
                }
            ]
        },
        "interval": 30,
        "condition": {
            "type": "origins:resource",
            "resource": "*:*_crystal",
            "comparison": "==",
            "compare_to": 1
        }
    },
    "walkonwater": {
        "type": "origins:walk_on_fluid",
        "fluid": "minecraft:water",
        "condition": {
            "type": "origins:and",
            "conditions": [
                {
                    "type": "origins:fluid_height",
                    "fluid": "minecraft:water",
                    "comparison": "<=",
                    "compare_to": 0.4
                },
                {
                    "type": "origins:resource",
                    "resource": "*:*_conduit",
                    "comparison": "==",
                    "compare_to": 1
                }
            ]
        }
    },
    "check6": {
        "type": "origins:action_over_time",
        "entity_action": {
            "type": "origins:and",
            "actions": [
                {
                    "type": "origins:if_else",
                    "condition": {
                        "type": "origins:inventory",
                        "inventory_types": ["power"],
                        "process_mode": "items",
                        "power":"*:*_inventory",
                        "item_condition": {
                            "type": "origins:ingredient",
                            "ingredient": {
                                "item": "minecraft:conduit"
                            }
                        }
                    },
                    "if_action": {
                        "type": "origins:change_resource",
                        "resource": "*:*_conduit",
                        "change": 1,
                        "operation": "set"
                    },
                    "else_action": {
                        "type": "origins:change_resource",
                        "resource": "*:*_conduit",
                        "change": 0,
                        "operation": "set"
                    }
                }
            ]
        },
        "interval": 20
    },
    "upgrade1": {
        "type": "origins:resource",
        "min": 0,
        "max": 1,
        "hud_render": {
            "should_render": false
        }
    },
    "upgrade2": {
        "type": "origins:resource",
        "min": 0,
        "max": 1,
        "hud_render": {
            "should_render": false
        }
    },
    "upgrade3": {
        "type": "origins:resource",
        "min": 0,
        "max": 1,
        "hud_render": {
            "should_render": false
        }
    },
    "upgrade4": {
        "type": "origins:resource",
        "min": 0,
        "max": 1,
        "hud_render": {
            "should_render": false
        }
    },
    "check8": {
        "type": "origins:action_over_time",
        "entity_action": {
            "type": "origins:and",
            "actions": [
                {
                    "type": "origins:if_else",
                    "condition": {
                        "type": "origins:inventory",
                        "inventory_types": ["power"],
                        "process_mode": "items",
                        "power":"*:*_inventory",
                        "item_condition": {
                            "type": "origins:ingredient",
                            "ingredient": {
                                "item": "minecraft:iron_block"
                            }
                        }
                    },
                    "if_action": {
                        "type": "origins:change_resource",
                        "resource": "*:*_upgrade1",
                        "change": 1,
                        "operation": "set"
                    },
                    "else_action": {
                        "type": "origins:change_resource",
                        "resource": "*:*_upgrade1",
                        "change": 0,
                        "operation": "set"
                    }
                }
            ]
        },
        "interval": 20
    },
    "check9": {
        "type": "origins:action_over_time",
        "entity_action": {
            "type": "origins:and",
            "actions": [
                {
                    "type": "origins:if_else",
                    "condition": {
                        "type": "origins:inventory",
                        "inventory_types": ["power"],
                        "process_mode": "items",
                        "power":"*:*_inventory",
                        "item_condition": {
                            "type": "origins:ingredient",
                            "ingredient": {
                                "item": "minecraft:gold_block"
                            }
                        }
                    },
                    "if_action": {
                        "type": "origins:change_resource",
                        "resource": "*:*_upgrade2",
                        "change": 1,
                        "operation": "set"
                    },
                    "else_action": {
                        "type": "origins:change_resource",
                        "resource": "*:*_upgrade2",
                        "change": 0,
                        "operation": "set"
                    }
                }
            ]
        },
        "interval": 20
    },
    "check10": {
        "type": "origins:action_over_time",
        "entity_action": {
            "type": "origins:and",
            "actions": [
                {
                    "type": "origins:if_else",
                    "condition": {
                        "type": "origins:inventory",
                        "inventory_types": ["power"],
                        "process_mode": "items",
                        "power":"*:*_inventory",
                        "item_condition": {
                            "type": "origins:ingredient",
                            "ingredient": {
                                "item": "minecraft:diamond_block"
                            }
                        }
                    },
                    "if_action": {
                        "type": "origins:change_resource",
                        "resource": "*:*_upgrade3",
                        "change": 1,
                        "operation": "set"
                    },
                    "else_action": {
                        "type": "origins:change_resource",
                        "resource": "*:*_upgrade3",
                        "change": 0,
                        "operation": "set"
                    }
                }
            ]
        },
        "interval": 20
    },
    "check11": {
        "type": "origins:action_over_time",
        "entity_action": {
            "type": "origins:and",
            "actions": [
                {
                    "type": "origins:if_else",
                    "condition": {
                        "type": "origins:inventory",
                        "inventory_types": ["power"],
                        "process_mode": "items",
                        "power":"*:*_inventory",
                        "item_condition": {
                            "type": "origins:ingredient",
                            "ingredient": {
                                "item": "minecraft:netherite_ingot"
                            }
                        }
                    },
                    "if_action": {
                        "type": "origins:change_resource",
                        "resource": "*:*_upgrade4",
                        "change": 1,
                        "operation": "set"
                    },
                    "else_action": {
                        "type": "origins:change_resource",
                        "resource": "*:*_upgrade4",
                        "change": 0,
                        "operation": "set"
                    }
                }
            ]
        },
        "interval": 20
    },
    "conduit": {
        "type": "origins:resource",
        "min": 0,
        "max": 1,
        "hud_render": {
            "should_render": false
        }
    },
    "nailgun": {
        "type": "origins:resource",
        "min": 0,
        "max": 1,
        "hud_render": {
            "should_render": false
        }
    },
    "check7": {
        "type": "origins:action_over_time",
        "entity_action": {
            "type": "origins:and",
            "actions": [
                {
                    "type": "origins:if_else",
                    "condition": {
                        "type": "origins:inventory",
                        "inventory_types": ["power"],
                        "process_mode": "items",
                        "power":"*:*_inventory",
                        "item_condition": {
                            "type": "origins:and",
                            "conditions": [
                                {
                                    "type": "origins:ingredient",
                                    "ingredient": {
                                        "item": "minecraft:music_disc_pigstep"
                                    }
                                },
                                {
                                    "type": "origins:nbt",
                                    "nbt": "{Enchantments:[{id:protection,lvl:10}]}"
                                }
                            ]
                        }
                    },
                    "if_action": {
                        "type": "origins:change_resource",
                        "resource": "*:*_nailgun",
                        "change": 1,
                        "operation": "set"
                    },
                    "else_action": {
                        "type": "origins:change_resource",
                        "resource": "*:*_nailgun",
                        "change": 0,
                        "operation": "set"
                    }
                }
            ]
        },
        "interval": 20
    },
    "craft": {
        "type": "origins:item_on_item",
        "using_item_condition": {
            "type": "origins:ingredient",
            "ingredient": {
                "item": "minecraft:amethyst_cluster"
            }
        },
        "on_item_condition": {
            "type": "origins:ingredient",
            "ingredient": {
                "item": "minecraft:music_disc_pigstep"
            }
        },
        "result": {
            "item": "minecraft:music_disc_pigstep",
            "tag": "{Enchantments:[{id:protection,lvl:10}]}",
            "amount": 1
        },
        "using_item_action": {
            "type": "origins:consume",
            "amount": 1
        },
        "on_item_action": {
            "type": "origins:consume",
            "amount": 1
        },
        "entity_action": {
            "type": "origins:play_sound",
            "sound": "minecraft:block.anvil.use",
            "volume": 1,
            "pitch": 1.5
        }
    }
}